{
  "project_info": {
    "project_number": "935308046063",
    "project_id": "buybuddy-2c380",
    "storage_bucket": "buybuddy-2c380.appspot.com"
  },
  "client": [
    {
      "client_info": {
        "mobilesdk_app_id": "1:935308046063:android:e77e8f0578f66b8aa6351a",
        "android_client_info": {
          "package_name": "com.example.buybuddyy"
        }
      },
      "oauth_client": [
        {
          "client_id": "935308046063-lcrp83t4a8iq47vt94i5jqtot6k8ml1d.apps.googleusercontent.com",
          "client_type": 3
        }
      ],
      "api_key": [
        {
          "current_key": "AIzaSyCV_I6IbgJ2NQdgt46fj8gx5rvZVjWOAZk"
        }
      ],
      "services": {
        "appinvite_service": {
          "other_platform_oauth_client": [
            {
              "client_id": "935308046063-lcrp83t4a8iq47vt94i5jqtot6k8ml1d.apps.googleusercontent.com",
              "client_type": 3
            }
          ]
        }
      }
    }
  ],
  "configuration_version": "1"
}